city,month,n_bathrooms,n_bedrooms,price,total_area,url,year,floor_number,living_area,monthly_syndicate_price,neighborhood,type,bool_elevator,bool_balcony,bool_heating,bool_air_conditioning,bool_concierge,bool_equipped_kitchen,bool_furniture,bool_parking,bool_security,bool_terrace
Agadir,11,2,2,,,https://www.avito.ma/fr/haut_founty/appartements/Appartement_à_vendre_81_m²_quartier_Haut_Founty_55638920.htm,2024,6,81,,Haut-Founty,apartment,0,0,0,0,0,0,0,0,0,0
Tanger,11,2,3,135000,101,https://www.avito.ma/fr/ahlane/appartements/Appartement_à_vendre_101_m²_à_Tanger_55775407.htm,2024,1,101,,Ahlane,apartment,1,1,0,1,0,1,0,0,0,0
Fès,11,2,2,540000,90,https://www.avito.ma/fr/autre_secteur/appartements/Bel_appartement__55760053.htm,2024,1,80,50,Autre secteur,apartment,1,1,1,1,0,1,1,1,1,1
Meknès,11,2,2,290000,58,https://www.avito.ma/fr/riad_toulal/appartements/Appartement_à_vendre_58_m²_à_Meknès_51420274.htm,2024,2,58,,Riad Toulal,apartment,1,1,1,1,0,1,0,1,1,1
El Jadida,11,1,2,520000,100,https://www.avito.ma/fr/al_boustane/appartements/Appartement_Rdc_dans_R_plus_2_54866045.htm,2024,0,78,,Al Boustane,apartment,0,0,0,0,0,1,0,0,0,0
Casablanca,11,3,3,1590000,160,https://www.avito.ma/fr/la_gironde/appartements/Appart_de_luxe_à_petit_prix_55675539.htm,2024,2,152,320,La Gironde,apartment,0,0,0,0,0,0,0,0,0,0
Casablanca,11,2,2,970000,,https://www.avito.ma/fr/roches_noires/appartements/Spacieux_appartement_avec_balcon_55171364.htm,2024,3,91,,Roches Noires,apartment,0,0,0,0,0,0,0,0,0,0
Casablanca,11,1,3,1600000,132,https://www.avito.ma/fr/val_fleuri/appartements/CMN_MA_1641___Appartement_à_vendre_à_Val_Fleurie_55294484.htm,2024,5,132,,Val Fleuri,apartment,1,1,0,0,0,0,0,1,0,1
Casablanca,11,1,1,1080000,44,https://www.avito.ma/fr/riviera/appartements/_STUDIOS__à_vendre_44_m²_Oasis__54867487.htm,2024,1,44,,Riviera,studio,1,1,1,1,1,1,0,1,1,1
Dar Bouazza,11,2,2,1700000,,https://www.avito.ma/fr/dar_bouazza/appartements/Appartement_à_Marina_Blanca_54401684.htm,2024,1,98,,Toute la ville,apartment,0,1,1,1,1,1,0,1,1,1
Casablanca,11,1,2,400000,70,https://www.avito.ma/fr/sidi_bernoussi/appartements/شقة_مصلوحة_بحي_الازهر__54852190.htm,2024,0,70,,Sidi Bernoussi,apartment,0,0,0,0,0,0,0,0,0,0
Marrakech,11,2,1,700000,44,https://www.avito.ma/fr/guéliz/appartements/studio_à_vendre__53867068.htm,2024,2,44,100,Guéliz,duplex/triplex,1,1,0,1,1,1,1,1,1,1
Marrakech,11,2,2,750000,84,https://www.avito.ma/fr/allal_el_fassi/appartements/appartement_a_vendre__51716330.htm,2024,4,84,,Allal El Fassi,apartment,1,1,1,1,1,1,0,0,1,1
Marrakech,11,2,2,1600000,,https://www.avito.ma/fr/guéliz/appartements/Appartement_2_Chambres_Haut_Standing_À_Gueliz_55544393.htm,2024,4,75,,Guéliz,apartment,1,0,0,1,1,1,0,1,1,1
Urgent,11,3,3,1490000,230,https://www.avito.ma/fr/centre/appartements/Bel_appartement_à_vendre__55598397.htm,2024,0,200,250,Centre,apartment,1,0,0,1,1,1,0,1,1,1
Casablanca,11,1,2,600000,67,https://www.avito.ma/fr/al_madina_aljadida/appartements/Apparemment___avndre__55392744.htm,2024,2,67,50,Al Madina Aljadida,apartment,0,0,0,0,0,0,0,0,1,0
Tamaris,11,2,2,,65,https://www.avito.ma/fr/tamaris/appartements/Appartement_à_vendre_65_m²_à_Playa_Blanca_tamaris_55070630.htm,2024,1,65,,Toute la ville,apartment,0,0,0,0,0,0,0,0,0,0
Casablanca,11,2,2,1560000,,https://www.avito.ma/fr/oasis/appartements/Appartement_à_vendre_73_m²_à_Casablanca_55005240.htm,2024,2,73,,Oasis,apartment,1,1,1,1,1,1,0,1,1,1
Marrakech,11,2,2,1350000,89,https://www.avito.ma/fr/guéliz/appartements/Appartement_2_chambres_en_plein_centre_de_guéliz_55539762.htm,2024,4,89,,Guéliz,apartment,1,1,0,0,1,1,0,1,1,1
Had Soualem,11,2,3,650000,143,https://www.avito.ma/fr/had_soualem/appartements/appartement__49938504.htm,2024,2,140,,Toute la ville,apartment,0,1,0,0,0,1,0,0,1,1
Marrakech,11,1,2,850000,92,https://www.avito.ma/fr/allal_el_fassi/appartements/Appartement_2_chambres_salon_résidence_sécurisée_55342080.htm,2024,5,92,,Allal El Fassi,apartment,1,1,0,1,1,0,0,1,1,1
Agadir,11,1,2,550000,62,https://www.avito.ma/fr/hay_salam/appartements/شقة_بحي_السلام_54577407.htm,2024,3,62,,Hay Salam,apartment,1,1,0,1,1,1,0,1,1,0
Kénitra,11,3,3,1400000,193,https://www.avito.ma/fr/mimosas/appartements/Appartement_193_m²_à_Kénitra_55673021.htm,2024,,193,,Mimosas,apartment,1,1,1,0,1,0,0,1,1,1
Casablanca,11,,3,585000,65,https://www.avito.ma/fr/sidi_bernoussi/appartements/joli_apparemment_65m2_à_Sidi_Bernoussi_55580106.htm,2024,3,65,,Sidi Bernoussi,apartment,0,0,0,0,0,0,0,0,0,0
Tanger,11,1,2,680000,72,https://www.avito.ma/fr/tanja_balia/appartements/jolie_appartement_tanja_balia__55743918.htm,2024,4,72,100,Tanja Balia,apartment,1,0,0,0,0,1,0,0,1,0
Marrakech,11,2,3,2400000,150,https://www.avito.ma/fr/hivernage/appartements/Magnifique_appartement_spacieux_3_chambres_salons_55652645.htm,2024,3,150,,Hivernage,apartment,1,1,0,1,1,1,1,1,1,0
Bouskoura,11,1,2,310000,,https://www.avito.ma/fr/bouskoura_centre/appartements/Appartement_à_vendre_62_m²_à_Bouskoura_55775364.htm,2024,1,62,,Bouskoura centre,apartment,0,0,0,0,0,0,0,0,0,0
Marrakech,11,2,3,1380000,105,https://www.avito.ma/fr/guéliz/appartements/appartement_3_chambres_avec_terrasses_55475699.htm,2024,3,105,,Guéliz,apartment,1,1,0,1,1,0,0,1,1,1
Marrakech,11,2,2,2200000,77,https://www.avito.ma/fr/route_d'ourika/appartements/Rez_de_Jardin_2_chambres_sur_Prestigia__55740893.htm,2024,0,77,,Route d'Ourika,apartment,0,0,0,1,1,1,1,1,1,1
Casablanca,11,2,1,1900000,,https://www.avito.ma/fr/oasis/appartements/a_vendre_tres_joli_appart_à_oasis__55750506.htm,2024,3,93,,Oasis,apartment,0,1,1,1,1,0,0,1,1,0
Salé,11,1,2,550000,78,https://www.avito.ma/fr/hay_chmaou/appartements/Appartement_à_vendre_72_m²_à_Salé_55758988.htm,2024,1,72,,Hay Chmaou,apartment,0,0,0,0,0,0,0,0,0,0
Marrakech,11,2,3,980000,115,https://www.avito.ma/fr/issil/appartements/RAK_GU_1118___Appartement_à_vendre_à_Issil_55486494.htm,2024,1,115,,Issil,apartment,1,0,0,0,0,0,0,0,0,0
Temara,11,1,2,940000,132,https://www.avito.ma/fr/ittihad_arabi/appartements/Appartement_Bonne_affaire_à_vendre_132_m²__55519671.htm,2024,3,132,100,Ittihad Arabi,apartment,0,1,0,0,0,1,0,1,1,1
Rabat,11,0,3,650000,,https://www.avito.ma/fr/autre_secteur/appartements/Appartement_à_Vendre_Tamesna__53715084.htm,2024,2,101,,Autre secteur,apartment,1,0,0,0,0,1,0,0,0,0
Casablanca,11,2,2,937000,,https://www.avito.ma/fr/ain_sebaa/appartements/Bel_Appartement_à_vendre_85_m²_à_Aïn_Sebaa_54707603.htm,2024,1,85,,Ain Sebaa,duplex/triplex,1,1,0,1,1,1,0,1,1,1
Casablanca,11,2,2,1478000,80,https://www.avito.ma/fr/franceville/appartements/Appartement_à_vendre_80_m²_à_Casablanca_55144722.htm,2024,2,80,,Franceville,apartment,0,0,0,0,0,0,0,0,0,0
Marrakech,11,2,2,850000,72,https://www.avito.ma/fr/mabrouka/appartements/BEL_APPARTEMENT_MEUBLÉ_A_VENDRE_A_MARRAKECH__55767029.htm,2024,2,72,,Mabrouka,apartment,0,0,1,1,0,1,1,0,1,0
Marrakech,11,1,2,400000,64,https://www.avito.ma/fr/route_de_casablanca/appartements/Appartement_à_vendre_dans_un_excellent_emplacement_55536048.htm,2024,0,64,100,Route de Casablanca,apartment,0,1,1,1,1,1,0,0,1,0
Tétouan,11,2,3,,140,https://www.avito.ma/fr/route_de_ceuta/appartements/Appartement_à_vendre_140_m²_à__Marina_Beach_49723350.htm,2024,1,140,,Route de Ceuta,apartment,0,0,0,0,0,1,1,1,1,1
Kénitra,11,1,2,570000,75,https://www.avito.ma/fr/autre_secteur/appartements/Appartement_à_vendre_75_m²_à_Kénitra_55617285.htm,2024,3,75,,Autre secteur,apartment,1,1,0,0,1,1,0,0,1,0
Martil,11,2,3,600000,75,https://www.avito.ma/fr/martil/appartements/appartement_en_vente__55543434.htm,2024,2,75,,Toute la ville,apartment,0,0,0,0,0,0,0,0,0,0
Martil,11,1,3,590000,95,https://www.avito.ma/fr/martil/appartements/Appartement_à_vendre_89_m²_à_Martil_55735757.htm,2024,5,89,,Toute la ville,apartment,0,0,0,0,0,1,0,0,0,1
Casablanca,11,2,2,1162500,,https://www.avito.ma/fr/oulfa/appartements/Laymoune_Piscines___Résidence_fermée_75_130_m2_55185423.htm,2024,3,75,,Oulfa,apartment,1,1,1,1,1,1,0,1,1,1
Bouskoura,11,3,4,4750000,166,https://www.avito.ma/fr/ville_verte/appartements/_Appartement_Bouskoura_Ville_Verte_La_Palmeraie_55573254.htm,2024,1,441,,Ville verte,apartment,1,1,1,1,0,1,0,1,1,0
Martil,11,1,2,550000,65,https://www.avito.ma/fr/martil/appartements/شقق_عصرية_فاخرة_للبيع__55553772.htm,2024,1,65,,Toute la ville,apartment,0,0,0,0,0,0,0,0,0,0
Casablanca,11,2,3,1850000,154,https://www.avito.ma/fr/bourgogne/appartements/CMN_AN_1682___Appartement_à_vendre_à_Bourgogne_55775214.htm,2024,1,154,,Bourgogne,apartment,1,1,0,0,0,0,0,0,0,1
Casablanca,11,1,1,780000,,https://www.avito.ma/fr/bourgogne/appartements/Appartement_à_vendre_40_m²_à_Casablanca_54767502.htm,2024,1,40,,Bourgogne,apartment,1,0,0,1,0,1,1,0,1,0
Casablanca,11,1,2,1320000,73,https://www.avito.ma/fr/sidi_belyout/appartements/Superbe_Appartement_2Chs_73m2_Bd_Moulay_Youssef_54938457.htm,2024,1,73,300,Sidi Belyout,apartment,1,1,1,1,1,1,0,1,1,0
Agadir,11,1,3,2400000,,https://www.avito.ma/fr/secteur_touristique/appartements/Appartement_à_vendre_98_m²_à_Agadir_53870526.htm,2024,3,98,,Secteur Touristique,apartment,0,0,0,0,0,0,0,0,0,0
Rabat,11,2,3,1650000,90,https://www.avito.ma/fr/agdal/appartements/Bel_Apparemment_Haut_Agdal__55743684.htm,2024,3,90,50,Agdal,apartment,0,1,1,1,0,1,1,1,1,0
Casablanca,11,1,2,1320000,73,https://www.avito.ma/fr/autre_secteur/appartements/CMN_SI_1643___Appartement_à_vendre_à_Moulay_Youssef_55592156.htm,2024,1,73,,Autre secteur,apartment,1,1,0,0,0,0,0,0,0,1
Urgent,11,1,3,520000,85,https://www.avito.ma/fr/centre_ville/appartements/Appartement_à_vendre_85_m²_à_Tétouan_53687854.htm,2024,2,85,150,Centre ville,apartment,0,0,0,0,0,0,0,0,0,0
Casablanca,11,1,2,600000,58,https://www.avito.ma/fr/aïn_chock/appartements/شقة_شوكة_طابق_الاول_55775116.htm,2024,1,58,50,Aïn Chock,apartment,0,0,0,0,0,0,0,0,0,0
Marrakech,11,1,2,650000,68,https://www.avito.ma/fr/autre_secteur/appartements/RAK_GU_1085___Appartement_à_vendre_à_Mabrouka_55109105.htm,2024,3,68,,Autre secteur,apartment,1,1,0,0,0,0,0,0,0,1
Casablanca,11,1,1,595000,,https://www.avito.ma/fr/aïn_borja/appartements/Magnifique_bureau_à_vendre_à_Ibnou_tachfine_55433802.htm,2024,3,43,,Aïn Borja,apartment,1,1,1,1,1,0,0,1,1,0
Bouznika,11,1,3,650000,,https://www.avito.ma/fr/autre_secteur/appartements/Bel_Appartement_Spacieux_à_Bouznika_55435258.htm,2024,2,90,,Autre secteur,apartment,0,0,0,0,0,0,0,0,0,0
Martil,11,2,2,1800000,,https://www.avito.ma/fr/martil/appartements/Appartement_à_vendre_à_Costa_mar_55735561.htm,2024,3,85,,Toute la ville,apartment,1,1,1,1,1,1,1,1,1,1
Casablanca,11,1,1,900000,,https://www.avito.ma/fr/oasis/appartements/Studio_neuf_à_vendre_à_Oasis_55232268.htm,2024,1,39,,Oasis,studio,1,1,1,1,1,1,0,1,1,1
El Jadida,11,1,2,225000,,https://www.avito.ma/fr/autre_secteur/appartements/Appartement_économique_a_Ben_Allah_55689473.htm,2024,0,52,100,Autre secteur,apartment,0,0,0,0,0,0,0,0,0,0
Sidi Rahal,11,2,2,900000,81,https://www.avito.ma/fr/sidi_rahal/appartements/Appartement_à_vendre_81_m²_à_Sidi_Rahal_55775138.htm,2024,1,81,400,Toute la ville,apartment,0,1,0,1,0,1,1,1,1,1
Marrakech,11,1,2,1750000,104,https://www.avito.ma/fr/palmeraie/appartements/Appartement_rez_de_jardin_à_la_palmeraie_43307871.htm,2024,0,107,,Palmeraie,apartment,0,0,0,1,0,1,0,0,1,1
Urgent,11,1,2,1050000,74,https://www.avito.ma/fr/asilah/appartements/Appartement_à_vendre_74_m²_à_Asilah_54451286.htm,2024,1,74,250,Toute la ville,apartment,1,0,1,1,1,1,0,1,1,1
Béni Mellal,11,2,3,,126,https://www.avito.ma/fr/béni_mellal/appartements/Appartement_à_vendre_55583799.htm,2024,3,106,,Toute la ville,apartment,0,1,0,0,0,1,0,1,1,0
Tanger,11,1,1,170000,,https://www.avito.ma/fr/centre_ville/appartements/شقة_سكنية_للبيع_ساروت_قرب_حي_الإداري_وسط_المدينة_55753160.htm,2024,4,50,,Centre ville,apartment,0,1,1,0,1,1,1,0,1,0
Temara,11,1,1,690000,71,https://www.avito.ma/fr/skikina/appartements/Des_Appartement_neuf_à_vendre_partir_71_m²_skikina_55705964.htm,2024,1,71,100,Skikina,apartment,1,1,0,0,1,0,0,1,0,1
Rabat,11,1,3,1500000,,https://www.avito.ma/fr/quartier_de_l'océan/appartements/Appartement_à_vendre_104_m²_à_Rabat_55225026.htm,2024,1,104,,Quartier de l'Océan,apartment,0,0,0,0,1,0,0,1,1,0
Marrakech,11,3,3,740000,130,https://www.avito.ma/fr/m'hamid/appartements/شقة___فاخرة_للبيع_بمساحة_130_متر_مربع__55658297.htm,2024,2,130,,M'Hamid,apartment,0,0,0,0,0,0,0,0,0,0
Casablanca,11,1,2,510000,50,https://www.avito.ma/fr/sidi_maarouf/appartements/Appartement_à_vendre_50_m²_à_Casa_Sidi_Maarouf_55529426.htm,2024,3,50,50,Sidi Maarouf,apartment,0,0,0,0,0,0,0,0,0,1
Casablanca,11,2,2,1400000,132,https://www.avito.ma/fr/bourgogne/appartements/Apt_132M²_très_Propre_avec_Terrasse_Mosquée_Badr_55194738.htm,2024,1,132,,Bourgogne,apartment,1,1,0,0,1,0,0,1,1,1
Casablanca,11,2,3,1920000,139,https://www.avito.ma/fr/2_mars/appartements/Appartement_à_vendre_2_Mars_55677264.htm,2024,3,115,300,2 Mars,apartment,1,1,1,1,1,0,0,1,1,1
Kénitra,11,2,2,540000,85,https://www.avito.ma/fr/bir_rami_ouest/appartements/offres_limitée_7000_M2_55643432.htm,2024,2,78,,Bir Rami Ouest,apartment,1,1,0,1,1,1,0,1,1,0
Casablanca,11,1,2,760000,76,https://www.avito.ma/fr/sidi_maarouf/appartements/شقق_للبيع_في_الدار_البيضاء_52633163.htm,2024,5,76,200,Sidi Maarouf,apartment,1,0,0,0,0,0,0,1,1,0
Salé,11,2,3,1000000,104,https://www.avito.ma/fr/hay_chmaou/appartements/شقة_للبيع_بسلا_55672595.htm,2024,2,104,200,Hay Chmaou,apartment,1,1,0,1,1,0,0,1,1,0
Casablanca,11,2,2,700000,74,https://www.avito.ma/fr/nassim/appartements/شقق_للبيع_74_m²_في_الدار_البيضاء_55410529.htm,2024,3,74,200,Nassim,apartment,0,0,0,0,0,0,0,0,0,0
Casablanca,11,2,3,1700000,108,https://www.avito.ma/fr/mandarona/appartements/CMN_AC_1554___Appartement_à_vendre_à_Mandarona_55109116.htm,2024,0,108,,Mandarona,apartment,0,0,0,0,0,0,0,0,0,0
Mohammedia,11,1,2,760000,61,https://www.avito.ma/fr/quartier_du_parc/appartements/__urgent__APPART_2ch_au_PARC_ensoleillé__51167988.htm,2024,3,61,,Quartier du Parc,apartment,0,0,0,0,0,0,0,0,0,0
Casablanca,11,,3,800000,90,https://www.avito.ma/fr/sidi_maarouf/appartements/Appartement_sidi_maarouf_hay_Nassim__9azabri_49336405.htm,2024,,,800000,Sidi Maarouf,apartment,1,0,0,0,0,0,0,0,0,0
Bouskoura,11,1,1,550000,59,https://www.avito.ma/fr/bouskoura_centre/appartements/Studio_59m2_dont_11m2_terrasse_perla_49763195.htm,2024,1,45,250,Bouskoura centre,studio,1,1,0,0,1,1,0,0,1,1
Dar Bouazza,11,2,3,,100,https://www.avito.ma/fr/dar_bouazza/appartements/Appartement_à_vendre_100_m²_à_Dar_Bouazza_54833290.htm,2024,1,100,,Toute la ville,duplex/triplex,1,1,0,0,1,1,0,1,1,1
Kénitra,11,2,3,1180000,160,https://www.avito.ma/fr/autre_secteur/appartements/Appartement_situé_dans_une_maison_de_ville______55617316.htm,2024,1,160,,Autre secteur,apartment,0,1,0,0,0,1,0,0,0,0
Fnideq,11,2,3,1350000,,https://www.avito.ma/fr/fnideq/appartements/Appartement_à_vendre_à_Alcudia_Smir_55708734.htm,2024,1,113,,Toute la ville,apartment,0,0,1,1,1,1,0,1,1,1
Tiznit,11,1,2,700000,70,https://www.avito.ma/fr/tiznit/appartements/appartement_à_vendre_55501403.htm,2024,2,70,,Toute la ville,apartment,1,0,0,0,0,0,0,0,0,0
Dar Bouazza,11,4,2,2450000,138,https://www.avito.ma/fr/dar_bouazza/appartements/Superbe_Appartement_de_138m²_Face_au_Mercato_55774946.htm,2024,2,138,900,Toute la ville,apartment,1,1,0,1,1,1,0,1,1,1
Kénitra,11,3,3,700000,115,https://www.avito.ma/fr/bir_rami/appartements/Appartement_à_vendre_115_m²_à_Kénitra_55152349.htm,2024,1,115,,Bir Rami,apartment,1,1,0,0,1,1,0,1,1,1
Kénitra,11,5,4,2700000,586,https://www.avito.ma/fr/mimosas/appartements/Appartement_de_587_m2_à_Kenitra_Mimosas_55739653.htm,2024,5,250,449,Mimosas,apartment,1,1,1,1,1,1,0,1,1,1
Casablanca,11,2,2,1555000,132,https://www.avito.ma/fr/racine/appartements/Apt_132M²_Très_Sécurisé_Moderne_Mosquée_Badr_55043928.htm,2024,1,132,,Racine,apartment,1,1,0,0,1,0,0,1,1,1
Ifrane,11,1,1,890000,,https://www.avito.ma/fr/résidence_al_arz/appartements/Appartement_84_m²_à_résidence_al_arz_55762587.htm,2024,1,84,,Résidence al arz,apartment,0,1,0,1,0,1,1,1,1,1
Rabat,11,2,3,2780000,,https://www.avito.ma/fr/hay_riad/appartements/Appartement_à_vendre_à_Hay_Riad_Rabat__55693194.htm,2024,1,140,,Hay Riad,apartment,0,0,0,0,0,0,0,0,0,0
Kénitra,11,1,3,1100000,110,https://www.avito.ma/fr/maamora/appartements/Appartement_F4_à_2_minutes_de_la_gare_de_Kénitra_55307688.htm,2024,5,110,150,Maamora,apartment,1,1,1,1,1,1,0,1,1,1
Martil,11,2,2,540000,60,https://www.avito.ma/fr/martil/appartements/appartement_du_lux_à_martil__54610093.htm,2024,1,60,,Toute la ville,apartment,0,0,0,0,0,0,0,0,0,0
Marrakech,11,1,2,960000,,https://www.avito.ma/fr/route_de_casablanca/appartements/Projet_D_Appartements_Sur_Route_De_Casablanca_55325981.htm,2024,2,80,,Route de Casablanca,apartment,1,0,0,0,1,1,0,0,1,1
Agadir,11,1,1,560000,56,https://www.avito.ma/fr/hay_mohammadi/appartements/Studio_56m2_de_standing_à_vendre_à_AGADIR_54272537.htm,2024,0,56,,Hay Mohammadi,studio,1,0,0,0,1,1,0,1,1,0
Casablanca,11,1,2,500000,,https://www.avito.ma/fr/oulfa/appartements/Appartement_à_vendre_54_m²_à_Casablanca_54903537.htm,2024,3,54,,Oulfa,apartment,0,0,0,0,0,0,0,0,1,1
Casablanca,11,2,3,2300000,157,https://www.avito.ma/fr/val_fleuri/appartements/Très_grand_appartement_à_val_Fleury_160_m²_55738793.htm,2024,3,160,,Val Fleuri,apartment,1,1,0,0,0,0,0,1,0,0
Martil,11,1,2,1250000,,https://www.avito.ma/fr/martil/appartements/appartement_a_vendre_a_cabo_negro_55316017.htm,2024,0,70,,Toute la ville,apartment,1,1,0,0,1,1,0,1,1,1
Tanger,11,2,3,11000,111,https://www.avito.ma/fr/beni_touzine/appartements/_Votre_Appartement_de_Rêve___95_m²__55660727.htm,2024,2,95,,Beni Touzine,apartment,1,1,0,0,1,0,1,1,0,1
Casablanca,11,2,3,840000,84,https://www.avito.ma/fr/hay_hassani/appartements/Très_bel_apt_3chambres_Résidence_Sécurisée_Busway_54992417.htm,2024,3,84,,Hay Hassani,apartment,1,1,1,0,1,0,0,1,1,0
Kénitra,11,2,2,590000,92,https://www.avito.ma/fr/taïbia/appartements/Appartement_à_vendre_92_m²_à_Kénitra_55069475.htm,2024,1,92,,Taïbia,apartment,1,1,0,1,1,1,0,1,1,0
Casablanca,11,2,2,752400,82,https://www.avito.ma/fr/sidi_maarouf/appartements/Appartement_à_vendre_82_m²_à_Casablanca_51209148.htm,2024,1,82,,Sidi Maarouf,apartment,0,0,0,0,0,0,0,0,0,0
Rabat,11,2,3,1200000,,https://www.avito.ma/fr/autre_secteur/appartements/Appartement_à_vendre_90_m²_à_El_Menzeh_55574712.htm,2024,3,90,,Autre secteur,apartment,0,0,0,0,0,0,0,0,0,0
Agadir,11,1,2,560000,68,https://www.avito.ma/fr/tilila/appartements/appartement_à_vendre__55658989.htm,2024,3,68,,Tilila,apartment,0,1,0,0,0,1,0,0,0,0
Casablanca,11,2,2,749000,76,https://www.avito.ma/fr/aïn_chock/appartements/Appartement_à_vendre_76_m²_à_Casablanca_55023349.htm,2024,1,76,,Aïn Chock,apartment,0,1,0,0,1,1,0,0,1,1
Meknès,11,2,3,720000,92,https://www.avito.ma/fr/hamria/appartements/Appartement_à_vendre_92_m²_à_Meknès_55693186.htm,2024,3,92,,Hamria,apartment,1,0,0,0,1,1,0,1,1,0
Kénitra,11,2,3,970000,122,https://www.avito.ma/fr/mimosas/appartements/Appartement_de_luxe_122_m²_à_Kénitra_55664939.htm,2024,1,122,200,Mimosas,apartment,1,1,1,1,1,1,0,1,1,0
Temara,11,2,3,980000,98,https://www.avito.ma/fr/autre_secteur/appartements/Appartement_à_vendre_98_m²_à_Temara_55517106.htm,2024,3,98,1,Autre secteur,apartment,1,1,0,0,0,1,0,1,1,0
Rabat,11,2,2,,99,https://www.avito.ma/fr/hay_riad/appartements/Appts_à_Wifak_Témara_à_5min_Hay_Riad_53755248.htm,2024,1,99,,Hay Riad,apartment,1,1,0,1,1,1,0,1,1,1
Marrakech,11,2,1,1000000,66,https://www.avito.ma/fr/guéliz/appartements/Studio_proche_bd_Abdelkrim_Al_Khattabi__Marrakech__55708561.htm,2024,2,67,,Guéliz,studio,1,1,1,1,1,1,0,0,1,0
Bouznika,11,1,2,490000,65,https://www.avito.ma/fr/autre_secteur/appartements/Appartement_en_Vente_à_Bouznika_49664981.htm,2024,2,65,,Autre secteur,apartment,1,1,0,0,1,1,0,0,1,0
Tanger,11,2,3,1100000,120,https://www.avito.ma/fr/val_fleuri/appartements/Appartement_à_vendre_110_million__52666931.htm,2024,4,120,100,Val Fleuri,apartment,1,1,0,0,1,1,0,1,1,0
Tétouan,11,1,3,850000,,https://www.avito.ma/fr/al_azhar/appartements/Appartement_100m²_en_Vente_à_Tétouan_52222658.htm,2024,8,100,,Al Azhar,apartment,0,0,0,0,0,0,0,0,0,0
Rabat,11,3,4,4500000,315,https://www.avito.ma/fr/agdal/appartements/Magnifique_Duplex_à_Vendre_A_l_Agdal_55025778.htm,2024,1,315,,Agdal,duplex/triplex,1,1,1,1,1,1,0,1,1,1
Kénitra,11,2,3,1120000,180,https://www.avito.ma/fr/maamora/appartements/Appartement_à_vendre_centre_ville_maamora_Kénitra_50228791.htm,2024,1,164,200,Maamora,apartment,1,1,0,0,1,1,0,1,1,1
Drargua,11,2,2,330000,57,https://www.avito.ma/fr/drargua/appartements/des_apprtement_a_vendre__53850953.htm,2024,2,57,,Toute la ville,apartment,0,1,0,0,0,1,0,1,0,1
Berrechid,11,1,2,380000,60,https://www.avito.ma/fr/berrechid/appartements/شقق_للبيع_في_مدينة_برشيد__55607327.htm,2024,1,60,50,Toute la ville,apartment,1,1,0,0,1,1,0,0,0,0
Casablanca,11,2,2,1200000,116,https://www.avito.ma/fr/mers_sultan/appartements/Appartement_à_vendre_109_m²_à_bv_hassan_2__55774704.htm,2024,2,109,,Mers Sultan,apartment,0,0,0,0,0,0,0,0,0,0
Agadir,11,1,2,500000,57,https://www.avito.ma/fr/hay_salam/appartements/appartement_à_vendre__55718173.htm,2024,4,57,,Hay Salam,apartment,0,0,1,1,1,1,1,1,1,0
Casablanca,11,2,2,17500,76,https://www.avito.ma/fr/oasis/appartements/Appartement_76_m²_bien_ensoleillé_avec_terrasse_54419380.htm,2024,3,71,500,Oasis,apartment,1,1,0,0,1,1,0,1,0,1
Casablanca,11,2,3,3700000,148,https://www.avito.ma/fr/maârif_extension/appartements/Appartement_dernier_étage_sans_vis_à_vis__55704308.htm,2024,5,142,,Maârif Extension,apartment,1,1,1,1,1,1,0,1,1,1
Casablanca,11,3,4,3650000,349,https://www.avito.ma/fr/quartier_des_hôpitaux/appartements/Appartement_à_vendre_281_m²_à_Casablanca_53301329.htm,2024,5,281,300,Quartier des Hôpitaux,apartment,1,1,0,1,1,1,0,1,0,1
Casablanca,11,3,4,2900000,202,https://www.avito.ma/fr/maarif/appartements/Appartement_à_vendre_202_m²_à_Casablanca_55362270.htm,2024,6,202,300,Maarif,apartment,1,1,0,1,1,0,0,0,0,1
Casablanca,11,1,3,3200000,,https://www.avito.ma/fr/triangle_d'or/appartements/Sublime_appartement__à_vendre_sur_triangle_d_or_55774694.htm,2024,5,186,,Triangle d'Or,apartment,0,0,0,0,0,0,0,1,0,1
Marrakech,11,2,3,1350000,108,https://www.avito.ma/fr/guéliz/appartements/JOLI_DUPLEX_A_GUELIZ__55762425.htm,2024,0,108,,Guéliz,duplex/triplex,0,0,0,1,1,1,0,1,1,0
Marrakech,11,1,1,1100000,86,https://www.avito.ma/fr/guéliz/appartements/Appartement_à_vendre_86_m²_à_GUELIZ_Marrakech_55752187.htm,2024,2,73,300,Guéliz,apartment,1,1,0,1,1,1,0,1,1,0
Mehdia,11,1,1,,41,https://www.avito.ma/fr/mehdia/appartements/Appartement_à_vendre_41_m²_à_Mehdia_55751065.htm,2024,2,41,,Toute la ville,apartment,0,0,0,0,0,0,0,0,0,0
Mehdia,11,2,2,,,https://www.avito.ma/fr/mehdia/appartements/Appartement_à_vendre_86_m²_à_Mehdia_55751104.htm,2024,3,86,,Toute la ville,apartment,1,1,1,1,1,1,0,1,1,1
Mehdia,11,2,2,,,https://www.avito.ma/fr/mehdia/appartements/Appartement_à_vendre_98_m²_à_Mehdia_55751123.htm,2024,3,98,,Toute la ville,apartment,1,1,1,1,1,1,0,1,1,1
Meknès,11,3,3,,,https://www.avito.ma/fr/el_bassatine/appartements/Appartement_à_vendre_à_Meknès_55774737.htm,2024,1,100,,El Bassatine,apartment,1,0,0,0,1,1,0,1,1,1
Salé,11,1,2,639200,68,https://www.avito.ma/fr/cherkaoui___marzouka/appartements/Appartement_à_vendre_68_m²_à_Salé_52920721.htm,2024,0,68,150,Cherkaoui - Marzouka,apartment,0,0,0,1,1,1,0,1,1,0
Mehdia,11,1,2,,75,https://www.avito.ma/fr/mehdia/appartements/Appartement_à_vendre_75_m²_à_Mehdia_55751042.htm,2024,3,75,,Toute la ville,apartment,1,1,1,1,1,1,0,1,1,1
Marrakech,11,1,1,807300,47,https://www.avito.ma/fr/guéliz/appartements/Appartement_neuf_piscine_rooftop_Marrakech__55774684.htm,2024,4,47,400,Guéliz,apartment,1,1,0,1,1,1,0,0,1,0
Mediouna,11,1,2,270000,,https://www.avito.ma/fr/mediouna/appartements/appartement_à_vendre_a_Mediouna_55743101.htm,2024,2,70,,Toute la ville,apartment,0,0,0,0,0,0,0,0,0,0
Casablanca,11,2,2,1555000,132,https://www.avito.ma/fr/anfa/appartements/Très_bel_Apt_132m²_Sécurisé_Mosquée_Badr_Terrasse_55556989.htm,2024,1,132,,Anfa,apartment,1,1,0,0,0,0,0,1,1,1
Casablanca,11,1,1,1400000,58,https://www.avito.ma/fr/racine/appartements/Superbe_appartement_58m2_Quartier_Racine_55686625.htm,2024,2,58,,Racine,apartment,1,0,1,1,0,1,0,1,1,0
Casablanca,11,2,3,2800000,190,https://www.avito.ma/fr/casablanca_finance_city/appartements/Très_bel_apt_Très_sécurisé_bd_Ghandi_190M_Terrasse_55666609.htm,2024,1,190,,Casablanca Finance City,apartment,1,0,0,0,1,0,0,1,1,1
Agadir,11,2,2,,86,https://www.avito.ma/fr/hay_massira/appartements/Appartement_à_vendre_86_m²_à_Agadir_55656417.htm,2024,1,86,,Hay Massira,apartment,1,0,0,0,0,1,0,1,1,1
Rabat,11,2,3,2800000,,https://www.avito.ma/fr/hay_riad/appartements/Vente_appartement_Prestigia_Rabat_52745307.htm,2024,4,116,,Hay Riad,apartment,1,1,0,0,0,1,0,1,1,0
Kénitra,11,2,2,620000,90,https://www.avito.ma/fr/seyad/appartements/Appartement_à_vendre_90_m²_à_Kénitra_55033367.htm,2024,1,76,,Seyad,apartment,0,0,0,1,0,1,0,0,0,1
Mohammedia,11,1,1,930000,57,https://www.avito.ma/fr/mimosas/appartements/Studio_à_vendre_à_rock_island_à_ne_pas_rater_55750914.htm,2024,0,57,500,Mimosas,studio,1,1,1,1,1,1,1,1,1,1
Casablanca,11,2,2,920000,93,https://www.avito.ma/fr/belvédère/appartements/appartement_propre_sans_vis_à_vis__53830113.htm,2024,3,91,200,Belvédère,apartment,1,0,0,1,1,1,0,1,1,0
Saidia,11,1,2,,,https://www.avito.ma/fr/saidia/appartements/Appartement_a_3_minutes_à_pied_de_la_plage_avendr__38888719.htm,2024,,,,Toute la ville,apartment,0,0,0,0,0,1,0,0,0,0
Agadir,11,1,2,2360000,136,https://www.avito.ma/fr/autre_secteur/appartements/Appartement_à_vendre_80_m²_à_TAMRAGHT_55762334.htm,2024,4,80,,Autre secteur,apartment,1,0,0,1,1,1,1,1,1,1
Marrakech,11,2,2,900000,72,https://www.avito.ma/fr/hay_izdihar/appartements/Appartement_à_vendre_72_m²_à_Marrakech_55774696.htm,2024,3,72,,Hay Izdihar,apartment,1,1,1,0,1,0,0,0,0,1
Dar Bouazza,11,3,3,2100000,178,https://www.avito.ma/fr/dar_bouazza/appartements/Très_bel_appartement_ds_une_résidence_fermée__53115147.htm,2024,2,155,500,Toute la ville,apartment,1,1,0,1,0,1,0,1,1,0
Martil,11,1,3,580000,74,https://www.avito.ma/fr/martil/appartements/شقق_عصرية_بجودة_عالية_74_متر_58_مليون_التصريح_كلي__52926668.htm,2024,1,74,,Toute la ville,apartment,0,0,0,0,0,0,0,0,0,0
Casablanca,11,2,4,1050000,160,https://www.avito.ma/fr/ain_sebaa/appartements/Appartement_à_vendre_140_m²_à_Casablanca_54490284.htm,2024,1,140,200,Ain Sebaa,apartment,0,0,0,0,0,0,0,0,0,0
Agadir,11,2,2,920000,87,https://www.avito.ma/fr/hay_dakhla/appartements/appartement_à_vendre__55567859.htm,2024,3,87,,Hay Dakhla,apartment,0,0,0,0,0,1,0,1,1,0
Agadir,11,2,3,1368000,114,https://www.avito.ma/fr/el_houda/appartements/appartement__55550436.htm,2024,1,114,,El Houda,apartment,1,0,0,0,1,1,0,1,0,0
Salé,11,1,3,,108,https://www.avito.ma/fr/salé/appartements/Appartement_108_m²_à_Salé_55338756.htm,2024,2,108,,Toute la ville,apartment,1,1,0,1,1,1,0,1,0,0
Marrakech,11,2,3,830000,102,https://www.avito.ma/fr/autre_secteur/appartements/App_avec_garage_102_m²_à_Marrakech_2_faç_55040221.htm,2024,0,102,,Autre secteur,apartment,0,0,0,1,0,1,0,0,0,1
El Jadida,11,2,3,595000,110,https://www.avito.ma/fr/corniche/appartements/Hay_AL_Manar__Chou9a_108m2_chouka__55491704.htm,2024,1,108,,Corniche,apartment,0,0,0,0,0,0,0,0,0,0
Temara,11,2,3,900000,85,https://www.avito.ma/fr/autre_secteur/appartements/Appartement_à_vendre_85m²_et_120m²_à_Temara_55682250.htm,2024,1,85,,Autre secteur,apartment,0,1,0,0,0,0,0,0,0,1
Casablanca,11,2,2,1100000,97,https://www.avito.ma/fr/belvédère/appartements/Appartement_97_m²_à_Belvedere_53949189.htm,2024,1,97,200,Belvédère,apartment,1,1,0,0,1,1,0,1,1,1
Casablanca,11,2,2,1480000,100,https://www.avito.ma/fr/maarif/appartements/Appartement_face_complexe_Med_5_55646713.htm,2024,,100,,Maarif,apartment,1,1,1,1,1,1,0,0,1,0
Casablanca,11,2,2,1450000,112,https://www.avito.ma/fr/2_mars/appartements/Appart_112m_Finition_Moderne_Résidence_Sécurisé__55523044.htm,2024,2,112,,2 Mars,apartment,1,1,1,1,1,1,0,1,1,0
Casablanca,11,2,3,2800000,190,https://www.avito.ma/fr/les_princesses/appartements/Apt_Haut_standing_sécurisé_bd_Ghandi_190m_Terrasse_55666440.htm,2024,1,190,,Les Princesses,apartment,1,0,0,0,1,0,0,1,1,1
Casablanca,11,2,2,1478000,84,https://www.avito.ma/fr/franceville/appartements/Appartement_à_vendre_84_m²_à_Casablanca_55021228.htm,2024,2,84,,Franceville,apartment,1,1,1,1,1,1,0,1,1,1
Temara,11,2,3,970000,106,https://www.avito.ma/fr/skikina/appartements/Appartement_à_vendre_106_m²_à_Temara_55316081.htm,2024,1,106,50,Skikina,apartment,0,1,0,0,0,1,0,1,0,1
Martil,11,1,2,400000,56,https://www.avito.ma/fr/martil/appartements/شقة_مفروشة_للبيع_55735504.htm,2024,3,56,100,Toute la ville,apartment,0,0,0,0,1,1,1,1,1,0
Casablanca,11,1,2,1390000,105,https://www.avito.ma/fr/bachkou/appartements/CMN_MA_1342___Appartement_à_vendre_à_Bachkou_54603815.htm,2024,5,105,200,Bachkou,apartment,1,1,0,0,0,0,0,0,0,1
Marrakech,11,1,1,1375000,55,https://www.avito.ma/fr/guéliz/appartements/Studio_En_5ème_Étage_En_plein_gueliz_55770292.htm,2024,5,55,,Guéliz,studio,0,0,0,0,0,0,0,0,0,0
Casablanca,11,1,2,340000,54,https://www.avito.ma/fr/hay_hassani/appartements/Apt_Propre__Rez_de_chaussée_سفلية__Café_Twin_Azhar_54885835.htm,2024,0,54,,Hay Hassani,apartment,0,0,0,0,0,0,0,0,1,0
Marrakech,11,1,2,720000,75,https://www.avito.ma/fr/autre_secteur/appartements/Appartement_à_vendre_75_m²_à_Marrakech_55643174.htm,2024,1,75,,Autre secteur,apartment,0,0,0,0,0,0,0,0,0,0
Sidi Rahal,11,1,2,1000000,,https://www.avito.ma/fr/sidi_rahal/appartements/Appartement_à_vendre_85_m²_à_ola_blanca__55763857.htm,2024,0,85,,Toute la ville,apartment,0,0,0,0,0,0,0,0,0,0
Bouskoura,11,2,4,1250000,128,https://www.avito.ma/fr/bouskoura_centre/appartements/appartement_de_luxe_55658497.htm,2024,1,108,300,Bouskoura centre,apartment,1,1,0,0,1,1,1,1,1,1
Agadir,11,1,2,575000,,https://www.avito.ma/fr/autre_secteur/appartements/Appartement_2CH_à_DCHEIRA_FADISSA_55762220.htm,2024,2,64,,Autre secteur,apartment,0,1,0,0,1,1,0,1,1,1
Saidia,11,2,2,,120,https://www.avito.ma/fr/saidia/appartements/Appartement_de_120_m2_à_Saidia_vue_sur_mer_34864803.htm,2024,1,120,,Toute la ville,apartment,0,1,0,0,0,0,0,0,0,1
Casablanca,11,2,3,2970000,139,https://www.avito.ma/fr/anfa/appartements/Appartement_à_vendre_128_m²_à_Casablanca_55679737.htm,2024,2,128,,Anfa,apartment,1,1,0,0,0,1,0,1,1,0
Martil,11,2,2,540000,63,https://www.avito.ma/fr/martil/appartements/appartement_du_lux__54265518.htm,2024,1,63,,Toute la ville,apartment,0,1,1,0,0,1,1,0,1,1
Tanger,11,2,2,1900000,,https://www.avito.ma/fr/malabata/appartements/Appartement_haut_standing_à_vendre_malabata_Tanger_55720747.htm,2024,4,75,,Malabata,apartment,1,1,1,1,1,1,1,1,1,0
Berrechid,11,1,2,470000,80,https://www.avito.ma/fr/berrechid/appartements/شقق_للبيع_وسط_مدينة_برشيد__55162422.htm,2024,1,80,100,Toute la ville,apartment,1,1,0,0,0,1,0,1,1,0
Casablanca,11,2,3,,,https://www.avito.ma/fr/bourgogne/appartements/Appartement_à_vendre_116_m²_à_Casablanca_55443110.htm,2024,4,116,,Bourgogne,apartment,1,1,1,0,1,1,0,1,0,0
Mehdia,11,2,2,,,https://www.avito.ma/fr/mehdia/appartements/Appartement_à_vendre_76_m²_à_Mehdia_55751103.htm,2024,3,76,,Toute la ville,apartment,1,1,1,1,1,1,0,1,1,1
Marrakech,11,2,2,,89,https://www.avito.ma/fr/autre_secteur/appartements/Appartement_épuisé__55121241.htm,2024,2,89,,Autre secteur,apartment,1,1,1,1,1,1,1,1,1,1
Casablanca,11,1,2,620000,52,https://www.avito.ma/fr/ain_sebaa/appartements/Appartement_de_luxe_de_52m_à_ain_sebaa_53488826.htm,2024,3,52,150,Ain Sebaa,apartment,1,1,0,0,1,1,0,1,1,1
Saidia,11,1,2,,,https://www.avito.ma/fr/saidia/appartements/شقة_6_دقائق_للبحر_للبيع_بالسعيدية__31977978.htm,2024,0,60,,Toute la ville,apartment,0,1,0,0,0,0,0,0,0,0
Martil,11,1,2,510000,76,https://www.avito.ma/fr/martil/appartements/Appartement_titré_proche_de_la_plage_à_Martil__55403559.htm,2024,1,70,1,Toute la ville,apartment,0,0,0,0,0,0,0,0,0,0
Casablanca,11,2,3,2100000,212,https://www.avito.ma/fr/californie/appartements/Grand_Appart__212_m²_à_Californie__55699077.htm,2024,1,212,,Californie,apartment,1,0,1,1,1,1,0,1,1,1
Berrechid,11,2,2,560000,75,https://www.avito.ma/fr/berrechid/appartements/شقق_للبيع_في_مدينة_برشيد__55618787.htm,2024,3,,100,Toute la ville,apartment,1,1,0,0,1,1,0,1,1,0
Deroua,11,2,2,830000,103,https://www.avito.ma/fr/deroua/appartements/Appartement_à_vendre_103_m²_à_Deroua_55341554.htm,2024,1,103,,Toute la ville,apartment,0,0,0,0,0,0,0,0,0,0
Rabat,11,2,3,1225000,118,https://www.avito.ma/fr/autre_secteur/appartements/Appartement_à_vendre_118_m²_à_Salé_53227964.htm,2024,2,118,,Autre secteur,apartment,1,1,0,0,1,1,0,1,1,1
Rabat,11,2,3,4500000,,https://www.avito.ma/fr/souissi/appartements/MAGNIFIQUE_APPARTEMENT_AVEC_TERRASSE_55672451.htm,2024,0,176,,Souissi,apartment,1,1,0,1,0,1,0,1,1,1
Mohammedia,11,1,3,,111,https://www.avito.ma/fr/al_qods/appartements/appt_à_vendre__55766514.htm,2024,2,111,,Al Qods,apartment,0,1,0,0,0,0,0,0,0,0
Casablanca,11,2,2,750000,81,https://www.avito.ma/fr/aïn_borja/appartements/Appartement_à_vendre_72_m²_à_Casablanca_50029580.htm,2024,4,72,200,Aïn Borja,apartment,1,0,0,0,1,0,0,1,1,1
Bouznika,11,1,2,6000,,https://www.avito.ma/fr/autre_secteur/appartements/Immeuble_clôturé_à_Bouznika_55444803.htm,2024,3,70,,Autre secteur,apartment,1,1,1,0,1,0,0,0,1,1
Temara,11,1,1,495000,43,https://www.avito.ma/fr/wifak/appartements/Appartement_à_vendre_43_m²_à_Temara_55716248.htm,2024,1,43,100,Wifak,apartment,0,1,0,0,1,1,0,1,1,0
Deroua,11,1,2,520000,76,https://www.avito.ma/fr/deroua/appartements/Appartement_72m_a_deroua_a_vendre_55704554.htm,2024,2,72,,Toute la ville,apartment,0,0,0,0,0,0,0,0,0,0
Fès,11,,3,,120,https://www.avito.ma/fr/agdal/appartements/Appartements_de_luxe_à_Bouremana_48808599.htm,2024,2,120,,Agdal,apartment,0,0,0,0,0,0,0,0,0,0
Salé,11,2,2,820000,86,https://www.avito.ma/fr/salé/appartements/Appartement_à_vendre_à_Salé_55263022.htm,2024,2,81,200,Toute la ville,apartment,1,1,0,0,1,1,0,1,1,1
Marrakech,11,1,2,1450000,96,https://www.avito.ma/fr/route_de_casablanca/appartements/Appartement_refait_à_neuf_moderne_vendu_meublé__55774739.htm,2024,4,85,400,Route de Casablanca,apartment,1,1,1,1,0,1,1,1,1,1
El Jadida,11,1,3,800000,92,https://www.avito.ma/fr/sidi_moussa/appartements/Appartement_à_vendre_55774741.htm,2024,3,92,150,Sidi Moussa,apartment,1,0,0,0,1,1,0,1,1,0
Asilah,11,1,1,870000,66,https://www.avito.ma/fr/asilah/appartements/asilah_beralmar_a_vendre_appartement__54173550.htm,2024,0,66,,Toute la ville,apartment,1,1,1,1,1,1,1,1,1,1
Casablanca,11,1,2,1500000,98,https://www.avito.ma/fr/palmier/appartements/CMN_MA_1757___Appartement_à_vendre_à_Palmier_55655491.htm,2024,4,98,,Palmier,apartment,1,0,0,0,0,0,0,0,0,0
Marrakech,11,2,3,1000000,97,https://www.avito.ma/fr/hay_charaf/appartements/شقة_مفروشة_3_غرف_صالون_للبيع_بحي_الشرف_قرب_مرجان__55530252.htm,2024,2,97,,Hay Charaf,apartment,1,1,1,1,1,1,1,0,1,0
Casablanca,11,2,3,,109,https://www.avito.ma/fr/ain_sebaa/appartements/Appartement_à_vendre__3_chambres_Salon_à_Casa_55246502.htm,2024,2,109,,Ain Sebaa,duplex/triplex,1,1,1,1,1,1,0,1,1,1
Meknès,11,1,2,330000,,https://www.avito.ma/fr/autre_secteur/appartements/شقة_للبيع__55774799.htm,2024,1,,,Autre secteur,apartment,0,0,0,0,0,0,0,0,0,0
Casablanca,11,1,1,780000,59,https://www.avito.ma/fr/2_mars/appartements/Studio_à_vendre_61_m²_à_2_mars_55707469.htm,2024,1,61,,2 Mars,studio,0,0,0,0,0,0,0,0,0,0
Rabat,11,3,3,4000000,,https://www.avito.ma/fr/hay_riad/appartements/Appartement_à_vendre_198_m²_à_Rabat_55774800.htm,2024,1,198,,Hay Riad,apartment,1,1,0,0,1,1,0,1,1,1
Casablanca,11,2,2,402500,42,https://www.avito.ma/fr/ain_sebaa/appartements/Appartement_à_vendre_à_Casablanca__55331719.htm,2024,1,35,,Ain Sebaa,apartment,0,0,0,0,0,0,0,0,0,0
الدار البيضاء,11,2,2,749000,76,https://www.avito.ma/fr/sidi_maarouf/appartements/Appartement_à_vendre_76_m²_à_Casablanca_51190413.htm,2024,1,76,,Sidi Maarouf,apartment,0,1,0,1,1,1,0,0,0,0
Casablanca,11,2,3,,116,https://www.avito.ma/fr/ain_sebaa/appartements/Appartement_à_vendre_116_m²_à_Casablanca_51851919.htm,2024,1,116,,Ain Sebaa,apartment,1,1,0,1,1,1,0,1,1,1
Casablanca,11,2,2,1550000,113,https://www.avito.ma/fr/les_princesses/appartements/CMN_MA_1678___Appartement_à_vendre_à_Les_princesses_55498854.htm,2024,0,113,,Les Princesses,apartment,1,1,0,0,0,0,0,1,0,1
Kénitra,11,1,2,695000,81,https://www.avito.ma/fr/bir_rami_est/appartements/bel_appartement_à_vendre__55070977.htm,2024,1,81,150,Bir Rami Est,apartment,1,1,0,0,1,1,0,1,1,0
Casablanca,11,1,3,1030000,94,https://www.avito.ma/fr/maarif/appartements/Appartement_94m²_RDC_impasse_à_Maârif_extension_55476130.htm,2024,1,94,200,Maarif,apartment,0,0,0,0,0,0,0,1,1,0
Casablanca,11,2,2,1110000,46,https://www.avito.ma/fr/quartier_des_hôpitaux/appartements/Studio_neuf_60m²_au_Boulevard_Anoual__54987776.htm,2024,1,46,,Quartier des Hôpitaux,studio,1,0,0,1,1,1,0,1,1,0
Rabat,11,2,3,2750000,,https://www.avito.ma/fr/hay_riad/appartements/vente_apartement_55774814.htm,2024,2,135,,Hay Riad,apartment,1,1,0,1,1,0,0,1,1,0
Casablanca,11,2,2,749000,76,https://www.avito.ma/fr/sidi_maarouf/appartements/Appartement_à_vendre_76_m²_à_Casablanca_50341498.htm,2024,1,76,1,Sidi Maarouf,apartment,0,1,0,0,1,1,0,0,1,0
Fès,11,2,3,925000,180,https://www.avito.ma/fr/route_de_sefrou/appartements/Appartement_à_vendre_181_m²_à_Fès_55447687.htm,2024,1,145,47,Route de Sefrou,apartment,0,1,0,1,0,1,0,0,0,1
Rabat,11,2,3,,,https://www.avito.ma/fr/hay_riad/appartements/Appartement_à_vendre_120_m²_à_Rabat_55774865.htm,2024,2,120,200,Hay Riad,apartment,1,1,0,0,1,1,0,1,1,1
Temara,11,1,2,720000,80,https://www.avito.ma/fr/wifak/appartements/Bel_appartement_de_80m2_sur_El_Wifak_Temara_55033187.htm,2024,3,80,,Wifak,apartment,0,1,0,0,0,0,0,1,1,0
Casablanca,11,3,4,3800000,310,https://www.avito.ma/fr/bourgogne/appartements/Grand_Appartement_4Chs_579_m²_à_Bourgogne_55762606.htm,2024,5,579,,Bourgogne,apartment,1,1,1,1,1,1,0,1,1,1
Marrakech,11,1,2,1300000,,https://www.avito.ma/fr/route_d'ourika/appartements/Appartement_à_vendre_100_m²_à_Marrakech_55735388.htm,2024,1,100,500,Route d'Ourika,apartment,0,0,0,1,1,0,0,1,1,1
Mohammedia,11,2,2,690000,74,https://www.avito.ma/fr/wafa/appartements/Appartement_à_vendre_74_m²_à_WAFA_Mohammedia_55181658.htm,2024,2,74,50,Wafa,apartment,0,0,0,0,0,0,0,0,0,0
Marrakech,11,2,3,2400000,221,https://www.avito.ma/fr/palmeraie/appartements/Duplex_à_vendre_221m_à_la_palmeraie__55602015.htm,2024,1,1,,Palmeraie,duplex/triplex,0,0,0,0,1,1,0,1,1,1
Agadir,11,2,2,1400000,,https://www.avito.ma/fr/haut_founty/appartements/Appartement_à_vendre_82_m²_à_Agadir_55689195.htm,2024,3,82,,Haut-Founty,apartment,1,1,0,0,0,0,0,1,0,0
Casablanca,11,1,2,1300000,72,https://www.avito.ma/fr/quartier_des_hôpitaux/appartements/a_vendre_app_meublé___quartier_des_hôpitaux__55774928.htm,2024,2,60,,Quartier des Hôpitaux,apartment,0,0,0,0,0,0,0,0,0,0
Martil,11,2,2,560000,63,https://www.avito.ma/fr/martil/appartements/شقق_بجودة_خيالية_للبيع_بمرتيل_55357250.htm,2024,3,63,,Toute la ville,apartment,0,0,0,0,0,0,0,0,0,0
Marrakech,11,2,3,1850000,132,https://www.avito.ma/fr/semlalia/appartements/Appartement_à_vendre_132_m²_à_Marrakech_55088160.htm,2024,5,132,,Semlalia,apartment,1,0,0,1,1,1,0,1,1,1
Casablanca,11,2,3,1200000,121,https://www.avito.ma/fr/oulfa/appartements/__Appartement___à_vendre_121_m²_à_HADJ_FATAH_Oulfa_55675806.htm,2024,1,121,,Oulfa,apartment,1,1,1,1,1,1,1,1,1,1
Temara,11,1,2,,61,https://www.avito.ma/fr/ain_atig/appartements/vente_appartement__55724718.htm,2024,2,61,,Ain Atig,apartment,0,1,0,0,0,0,0,0,0,0
Casablanca,11,1,2,1280000,75,https://www.avito.ma/fr/les_princesses/appartements/appartement_neuf___Vente_les_princesses_75_m2_49652868.htm,2024,2,75,,Les Princesses,apartment,1,1,1,1,1,1,0,1,1,0
Marrakech,11,1,2,1600000,85,https://www.avito.ma/fr/guéliz/appartements/Appartement_à_vendre_85m²_à_Marrakech_54855511.htm,2024,2,85,,Guéliz,apartment,1,0,0,1,1,1,0,1,1,1
Agadir,11,2,3,970000,93,https://www.avito.ma/fr/hay_mohammadi/appartements/Appartement_à_vendre_3chambre_salon_à_Agadir_55434425.htm,2024,1,89,20,Hay Mohammadi,apartment,0,1,0,0,0,1,0,0,0,0
Marrakech,11,2,3,1900000,131,https://www.avito.ma/fr/route_de_casablanca/appartements/Appartement_à_vendre_131_m²_à_Marrakech_54926500.htm,2024,5,131,,Route de Casablanca,apartment,1,0,0,1,1,1,0,1,1,1
Kénitra,11,2,3,1145000,118,https://www.avito.ma/fr/bir_rami/appartements/Appartement_118_m²_à_Kénitra_53304370.htm,2024,2,118,,Bir Rami,apartment,1,1,1,1,1,1,0,1,1,0
Nouaceur,11,2,3,877200,102,https://www.avito.ma/fr/nouaceur/appartements/Appartement_à_vendre_102_m²_à_Nouaceur_55499152.htm,2024,2,102,,Toute la ville,apartment,1,1,0,0,0,0,0,1,1,0
Meknès,11,3,3,750000,200,https://www.avito.ma/fr/hay_salam/appartements/سوبليكس_فاخر_للبيع_55774983.htm,2024,0,176,,Hay Salam,duplex/triplex,0,0,0,0,0,1,0,0,0,0
Casablanca,11,1,1,1100000,50,https://www.avito.ma/fr/maârif_extension/appartements/Appartement_à_vendre_50_m²_à_Casablanca_55506056.htm,2024,3,50,200,Maârif Extension,apartment,1,1,1,1,0,1,0,1,1,0
Marrakech,11,2,3,2500000,,https://www.avito.ma/fr/guéliz/appartements/Bel_Appartement_3Chambres_A_La_Vente_Sur_Guéliz_55658171.htm,2024,4,110,1,Guéliz,apartment,0,0,0,0,0,0,0,0,0,0
Marrakech,11,1,2,630000,66,https://www.avito.ma/fr/guéliz/appartements/App__centre_66m²__bin_kchali__55115399.htm,2024,2,66,,Guéliz,apartment,0,1,0,1,0,1,0,0,0,1
Casablanca,11,2,3,,150,https://www.avito.ma/fr/belvédère/appartements/Appartement_à_vendre_belvédère__55695342.htm,2024,4,150,300,Belvédère,apartment,1,0,1,1,1,1,1,1,1,1
Mohammedia,11,2,2,1656000,120,https://www.avito.ma/fr/centre_ville/appartements/Appartement_à_vendre_110_m²_à_Mohammedia_55747589.htm,2024,1,110,500,Centre Ville,apartment,1,1,1,1,1,1,0,1,1,1
Casablanca,11,1,2,800000,106,https://www.avito.ma/fr/roches_noires/appartements/Appartement__a_vendre_roche_noir_49182684.htm,2024,0,106,200,Roches Noires,apartment,1,0,0,0,1,1,0,0,1,1
Casablanca,11,3,4,3750000,,https://www.avito.ma/fr/triangle_d'or/appartements/DUPLEX_TERRASS_ÉTAGE_ÉLÈVE_AV_A_TRIANGLE_D_OR_238M_54838505.htm,2024,5,238,,Triangle d'Or,apartment,1,0,0,0,0,1,0,1,1,1
Marrakech,11,1,3,660000,,https://www.avito.ma/fr/m'hamid/appartements/شقة_فاخرة_للبيع_بالمحاميد__مؤهلة_لدعم_سكن___55716965.htm,2024,1,87,,M'Hamid,apartment,0,1,0,0,0,1,0,0,1,0
Kénitra,11,2,3,730000,110,https://www.avito.ma/fr/autre_secteur/appartements/Appartement_à_vendre_110_m²_à_Kénitra_55617253.htm,2024,1,110,,Autre secteur,apartment,0,1,0,0,0,1,0,0,0,0
Casablanca,11,1,1,950000,46,https://www.avito.ma/fr/maarif/appartements/CMN_MA_1717___Appartement_à_vendre_à_Maârif_55581334.htm,2024,4,46,,Maarif,apartment,1,1,0,0,0,0,0,0,0,1
Salé,11,1,2,580000,65,https://www.avito.ma/fr/sala_el_jadida/appartements/excellente_occasion_à_saisir_55775053.htm,2024,4,62,80,Sala El Jadida,apartment,0,1,1,1,0,0,0,1,1,0
Mediouna,11,1,2,410000,63,https://www.avito.ma/fr/mediouna/appartements/شقق_مؤهلة_لدعم_السكن_بمديونة_55476825.htm,2024,2,63,,Toute la ville,apartment,1,1,0,1,1,1,0,1,1,1
Tanger,11,1,2,,80,https://www.avito.ma/fr/tanja_balia/appartements/Appartement_à_vendre_80_m²_à_Tanger_55775060.htm,2024,,80,100,Tanja Balia,apartment,1,0,0,0,0,0,0,0,0,1
Casablanca,11,1,2,420000,55,https://www.avito.ma/fr/sidi_maarouf/appartements/Appartement_à_vendre_55_m²_à_Casablanca_55775063.htm,2024,4,55,,Sidi Maarouf,apartment,0,1,0,0,0,0,0,0,0,0
Kénitra,11,2,2,480000,85,https://www.avito.ma/fr/autre_secteur/appartements/Magnifique_appartement_85m²_à_alliance_mehdia__55556564.htm,2024,3,85,,Autre secteur,apartment,0,1,0,1,0,1,0,0,0,0
Urgent,11,2,3,1350000,130,https://www.avito.ma/fr/sidi_maarouf/appartements/Appartement_à_vendre_99_m²_à_Casablanca_55770836.htm,2024,0,99,250,Sidi Maarouf,apartment,1,0,0,0,0,1,1,1,1,1
Kénitra,11,2,2,540000,85,https://www.avito.ma/fr/autre_secteur/appartements/Bel_appartement_2_façades__55641064.htm,2024,2,85,,Autre secteur,apartment,0,1,0,0,0,1,0,0,0,0
Béni Mellal,11,1,3,550000,110,https://www.avito.ma/fr/béni_mellal/appartements/شقة_سكنية_للبيع__55748982.htm,2024,2,,,Toute la ville,apartment,0,0,0,0,0,0,0,0,0,0
Kénitra,11,2,3,850000,150,https://www.avito.ma/fr/autre_secteur/appartements/شقة_الاحلام_150_متر__55539487.htm,2024,2,150,,Autre secteur,apartment,0,1,0,0,0,1,0,0,0,0
Kénitra,11,2,3,630000,90,https://www.avito.ma/fr/seyad/appartements/Appartement_à_vendre_90_m²_à_Kénitra_55617263.htm,2024,1,90,,Seyad,apartment,0,0,0,0,0,1,0,0,0,0
Casablanca,11,2,2,,144,https://www.avito.ma/fr/autre_secteur/appartements/Appartement_haut_standing_à_victoria_bouskoura_55579379.htm,2024,2,119,,Autre secteur,duplex/triplex,1,1,0,0,1,1,0,1,1,1
Marrakech,11,1,2,690000,69,https://www.avito.ma/fr/hay_izdihar/appartements/شقة_للبيع_بحي_الإزدهار_قرب_مدرسة_العراقي_55139909.htm,2024,1,69,,Hay Izdihar,apartment,1,1,0,0,1,1,0,1,1,1
Mohammedia,11,2,2,1277500,8,https://www.avito.ma/fr/autre_secteur/appartements/Appartement_à_vendre_91_m²_à_Mohammedia_55453790.htm,2024,1,91,400,Autre secteur,apartment,0,0,0,0,0,0,0,0,0,0
Tanger,11,1,2,950000,,https://www.avito.ma/fr/moulay_youssef/appartements/شقة__55775095.htm,2024,0,120,100,Moulay Youssef,apartment,1,1,0,0,0,0,0,1,0,0
Kénitra,11,3,2,980000,148,https://www.avito.ma/fr/la_ville_haute/appartements/Duplex_à_vendre_148_m²_à_Kénitra_55629612.htm,2024,1,148,,La Ville Haute,duplex/triplex,1,1,0,1,1,1,1,1,1,1
Marrakech,11,2,2,850000,80,https://www.avito.ma/fr/hay_izdihar/appartements/RAK_GU_1106___Appartement_à_vendre_à_Izdihar_55210368.htm,2024,1,80,,Hay Izdihar,apartment,1,1,0,0,0,0,0,0,0,1
Casablanca,11,1,2,500000,50,https://www.avito.ma/fr/mers_sultan/appartements/Appartement_Pas_de_Porte_55775110.htm,2024,2,50,,Mers Sultan,apartment,0,1,0,0,1,1,0,0,0,1
Casablanca,11,2,3,1750000,120,https://www.avito.ma/fr/la_gare/appartements/Appartement_à_vendre_120_m²_à_Casablanca_55775152.htm,2024,5,120,150,La Gare,apartment,1,1,0,0,1,1,1,1,0,1
Casablanca,11,1,2,560000,58,https://www.avito.ma/fr/californie/appartements/Bel_appart_2pc1s_residence_a_californie__55444124.htm,2024,2,58,,Californie,apartment,0,0,0,0,0,0,0,0,0,0
Kénitra,11,2,3,960000,150,https://www.avito.ma/fr/autre_secteur/appartements/Joli_Appartement_à_vendre_150_m²_à_Kénitra_55641099.htm,2024,2,150,,Autre secteur,apartment,0,1,0,0,0,1,0,0,0,0
Casablanca,11,2,2,1200000,113,https://www.avito.ma/fr/2_mars/appartements/Appartement_à_vendre_113_m²_à_Casablanca_55755175.htm,2024,3,113,150,2 Mars,apartment,0,0,0,1,0,1,0,1,1,1
Rabat,11,3,4,4500000,,https://www.avito.ma/fr/hay_riad/appartements/Duplex_HEMZA_au_coeur_de_Mahaj_Riad__55660868.htm,2024,4,204,,Hay Riad,duplex/triplex,1,1,1,1,1,1,0,1,1,1
Casablanca,11,1,2,1350000,,https://www.avito.ma/fr/2_mars/appartements/Magnifique_appartement_93_m²_a_2Mars_55775170.htm,2024,4,93,226,2 Mars,apartment,0,0,0,0,0,0,0,0,0,0
Marrakech,11,2,3,2000000,,https://www.avito.ma/fr/guéliz/appartements/Appartement_à_vendre_juste_Zara_carré_Eden_55718355.htm,2024,5,139,,Guéliz,apartment,1,1,1,1,1,1,0,1,1,1
Bouznika,11,1,2,490000,68,https://www.avito.ma/fr/autre_secteur/appartements/Appartement_à_vendre_68m²_à_Bouznika_53254155.htm,2024,1,68,,Autre secteur,apartment,0,1,0,0,0,1,0,0,0,0
Temara,11,2,3,1450000,120,https://www.avito.ma/fr/riad_oulad_mtaa/appartements/Appartement_à_vendre_116_m²_à_guich_loudaya_Temara_55755188.htm,2024,2,116,,Riad Oulad Mtaa,apartment,0,0,0,0,0,0,0,0,0,0
Marrakech,11,1,2,650000,74,https://www.avito.ma/fr/hay_charaf/appartements/شقة_للبيع_بحي_الشرف_قرب_مرجان__55171784.htm,2024,3,74,,Hay Charaf,apartment,1,1,0,0,1,1,0,1,1,0
Kénitra,11,2,3,650000,90,https://www.avito.ma/fr/seyad/appartements/Appartement_chouka_90_m²_à_le_vallon__55550623.htm,2024,1,90,,Seyad,apartment,0,0,0,0,0,1,0,0,0,0
Mohammedia,11,1,2,1470000,87,https://www.avito.ma/fr/mimosas/appartements/Appartement_à_vendre_95_m²_à_Mohammedia_55462984.htm,2024,2,95,400,Mimosas,apartment,0,0,0,0,0,0,0,0,0,0
Marrakech,11,1,2,450000,55,https://www.avito.ma/fr/hay_izdihar/appartements/شقة_مفروشة_للبيع_بحي_الإزدهار_قرب_مرجان__55213265.htm,2024,4,55,,Hay Izdihar,apartment,1,1,1,1,1,1,1,0,1,0
Casablanca,11,1,1,1279000,55,https://www.avito.ma/fr/les_princesses/appartements/Studio_avec_Terrasse_57m2_a_Les_Princesses_55698877.htm,2024,5,57,,Les Princesses,studio,1,1,1,1,1,1,0,1,1,1
Marrakech,11,1,1,1050000,,https://www.avito.ma/fr/guéliz/appartements/Studio_à_vendre_meublée_51_m²_à_Marrakech___55762855.htm,2024,5,51,,Guéliz,studio,1,1,1,1,1,1,1,0,1,1
Casablanca,11,2,2,280000,,https://www.avito.ma/fr/errahma/appartements/Appartement_à_vendre_53_m²_à_errahma_sans_meubles_55505449.htm,2024,3,53,,Errahma,apartment,0,0,0,0,0,0,0,0,1,0
Casablanca,11,2,2,1600000,102,https://www.avito.ma/fr/gauthier/appartements/CMN_SI_1647___Appartement_à_vendre_à_Gauthier_55623653.htm,2024,4,102,,Gauthier,apartment,1,1,0,0,0,0,0,0,0,1
Casablanca,11,2,3,2200000,,https://www.avito.ma/fr/val_fleuri/appartements/Appartement_à_vendre_137_m²_à_Val_fleuri_55751426.htm,2024,2,137,,Val Fleuri,apartment,1,1,1,1,1,1,1,1,1,1
Mohammedia,11,1,2,780000,61,https://www.avito.ma/fr/quartier_du_parc/appartements/joli_appartement_a_vendre_55518317.htm,2024,3,61,130,Quartier du Parc,apartment,1,0,0,1,0,1,0,1,0,0
Casablanca,11,2,3,1420000,,https://www.avito.ma/fr/abdelmoumen/appartements/Appartement_à_vendre_121_m²_à_Casablanca_55495144.htm,2024,4,121,,Abdelmoumen,apartment,1,1,0,0,1,0,0,1,1,0
Tanger,11,1,2,710000,83,https://www.avito.ma/fr/ahlane/appartements/Appartement_à_vendre_83_m²_à_Tanger_55684140.htm,2024,4,83,50,Ahlane,apartment,0,1,0,0,0,0,0,0,0,0
Casablanca,11,3,2,1900000,,https://www.avito.ma/fr/franceville/appartements/Appartement_neuf_traversant__55571308.htm,2024,1,106,,Franceville,apartment,0,0,0,0,0,0,0,0,0,0
Marrakech,11,2,2,790000,75,https://www.avito.ma/fr/bouaakkaz/appartements/Très_bel_appartement_neuf_dans_un_immeuble_neuf__55775255.htm,2024,1,75,300,Bouaakkaz,apartment,1,1,0,1,1,1,0,0,1,0
Casablanca,11,1,2,750000,38,https://www.avito.ma/fr/riviera/appartements/STUDIOS_à_vendre_38_m²_à_RIVERA_54955460.htm,2024,1,38,,Riviera,studio,1,1,1,1,1,1,1,1,1,1
Rabat,11,2,3,2599998,135,https://www.avito.ma/fr/agdal/appartements/Appartement_à_vendre_135_m²_à_Rabat_55384796.htm,2024,4,135,,Agdal,apartment,1,1,0,1,1,1,0,1,1,1
Tétouan,11,2,2,700000,95,https://www.avito.ma/fr/el_matar/appartements/Appartement_à_vendre_70_m²_à_Tétouan_55775265.htm,2024,1,70,,El Matar,apartment,1,1,0,1,0,1,0,1,0,1
Casablanca,11,2,2,696000,87,https://www.avito.ma/fr/errahma/appartements/Appartement_à_vendre_87_m²_à_Casablanca_55342053.htm,2024,1,87,300,Errahma,apartment,0,0,0,0,0,0,0,0,0,0
Agadir,11,1,2,480000,,https://www.avito.ma/fr/hay_salam/appartements/شقة_للبيع_حي_السلام_ستيليا_55775275.htm,2024,5,54,,Hay Salam,apartment,0,0,0,0,0,0,0,0,0,0
Casablanca,11,0,1,5500,,https://www.avito.ma/fr/centre_ville/appartements/studio_neuf_à_loué_Casaport_55775299.htm,2024,8,45,,Centre Ville,studio,1,0,1,0,1,1,1,0,1,0
Casablanca,11,1,3,940000,78,https://www.avito.ma/fr/2_mars/appartements/Appartement_à_vendre_78_m²_à_Casablanca_55775304.htm,2024,,78,200,2 Mars,apartment,0,0,0,0,0,0,0,0,0,0
Marrakech,11,1,3,530000,65,https://www.avito.ma/fr/autre_secteur/appartements/Appartement__65_m²_socoma__55631428.htm,2024,0,65,,Autre secteur,apartment,0,0,0,1,0,1,0,0,0,1
Casablanca,11,1,1,,,https://www.avito.ma/fr/centre_ville/appartements/studio_renové_à_vendre_à_proximité_Casaport_55775322.htm,2024,3,45,,Centre Ville,studio,1,1,0,1,1,1,1,1,1,0
Tétouan,11,2,3,1800000,171,https://www.avito.ma/fr/wilaya/appartements/Appartement_à_vendre_171_m²_à_Tétouan_55728755.htm,2024,4,168,150,Wilaya,apartment,1,1,0,0,0,0,0,1,0,1
Bouskoura,11,1,2,400000,,https://www.avito.ma/fr/bouskoura_centre/appartements/Appartements_Azzahra__55775333.htm,2024,1,65,,Bouskoura centre,apartment,1,1,0,0,0,0,0,1,1,0
Marrakech,11,1,1,1375000,,https://www.avito.ma/fr/guéliz/appartements/Studio_En_5ème_Étage_Sur_Plan_En_Plein_Gueliz_55139557.htm,2024,5,55,,Guéliz,studio,1,0,0,0,1,1,0,0,1,0
Casablanca,11,,3,693000,77,https://www.avito.ma/fr/sidi_bernoussi/appartements/Belle_appartement_de_luxe_au_meilleur_prix_55591617.htm,2024,1,77,,Sidi Bernoussi,apartment,0,0,0,0,0,0,0,0,0,0
Salé,11,2,2,670000,100,https://www.avito.ma/fr/abouab_sala/appartements/des_appartements_de_standing_55242649.htm,2024,2,99,150,Abouab Sala,apartment,1,1,0,0,0,1,0,1,0,0
Meknès,11,2,3,,141,https://www.avito.ma/fr/hamria/appartements/Appartement_à_vendre_141_m²_à_Meknès_54956489.htm,2024,3,141,,Hamria,apartment,1,1,0,1,1,1,0,1,1,1
Casablanca,11,1,1,1130000,45,https://www.avito.ma/fr/gauthier/appartements/Appartement_45m²_Gauthier_47791913.htm,2024,3,45,200,Gauthier,apartment,1,1,0,0,1,1,1,0,1,0
Kénitra,11,2,3,1180000,118,https://www.avito.ma/fr/maamora/appartements/Appartement_sublime_118_m²_à_vendre_à_Kénitra_55259536.htm,2024,4,118,1,Maamora,apartment,1,1,1,1,1,1,1,1,1,0
Marrakech,11,1,2,1200000,,https://www.avito.ma/fr/guéliz/appartements/Appartement_au_coeur_gueliz_54968075.htm,2024,4,84,,Guéliz,apartment,0,0,0,0,0,0,0,0,0,0
Casablanca,11,1,2,1100000,,https://www.avito.ma/fr/maarif/appartements/appartement_a_vendre_a_maarif__54893824.htm,2024,1,80,,Maarif,apartment,1,1,0,0,1,1,0,1,0,0
Casablanca,11,1,1,840000,38,https://www.avito.ma/fr/riviera/appartements/STUDIOS_HAUT_STANDING__RIVERA_LIVING__55171327.htm,2024,2,38,,Riviera,studio,1,1,1,1,1,1,1,1,1,1
El Jadida,11,2,3,760000,100,https://www.avito.ma/fr/al_boustane/appartements/Appartement_dans_R_plus_2_55568045.htm,2024,2,87,,Al Boustane,apartment,0,0,0,0,0,1,0,0,0,1
Cabo Negro,11,2,2,,96,https://www.avito.ma/fr/cabo_negro/appartements/Appartement_à_vendre_96_m²_à_Cabo_Negro_55763222.htm,2024,1,96,,Toute la ville,apartment,1,1,0,0,0,1,0,1,1,1
Meknès,11,2,3,380000,110,https://www.avito.ma/fr/sidi_bouzekri/appartements/Appartement_110m²_en_Vente_à_Meknès_52553240.htm,2024,3,110,,Sidi Bouzekri,apartment,0,1,0,1,1,0,0,1,1,1
Casablanca,11,3,3,3450000,,https://www.avito.ma/fr/racine/appartements/APPARTEMENT_TERRASSE_182M_À_VENDRE_A_RACINE__54794531.htm,2024,6,182,,Racine,apartment,0,0,0,0,0,0,0,0,0,0
Casablanca,11,2,2,1050000,74,https://www.avito.ma/fr/almaz/appartements/Appartement_à_vendre_72_m²_à_Casablanca_55775443.htm,2024,1,72,1,Almaz,apartment,1,1,1,1,1,1,0,1,1,1
Marrakech,11,2,3,1600000,111,https://www.avito.ma/fr/guéliz/appartements/Spacieux_appartement_3_chambres_en_face_de_Plaza_55325290.htm,2024,5,110,,Guéliz,apartment,0,0,0,1,1,1,0,1,1,0
Casablanca,11,2,3,1750000,127,https://www.avito.ma/fr/2_mars/appartements/CMN_ME_1600___Appartement_à_vendre_à_2_Mars_55657903.htm,2024,3,127,,2 Mars,apartment,1,1,0,0,0,0,0,1,0,1
Casablanca,11,1,3,820000,82,https://www.avito.ma/fr/almaz/appartements/Appartement_Moderne_à_Vendre_Emplacement_de_Choix__55751910.htm,2024,3,82,,Almaz,apartment,0,1,0,0,0,1,0,1,0,1
Tanger,11,1,2,,72,https://www.avito.ma/fr/aviation/appartements/Appartement_à_vendre_72_m²_à_Tanger_55775453.htm,2024,3,72,50,Aviation,apartment,0,0,0,0,0,0,0,0,0,0
Tanger,11,1,2,4200000,60,https://www.avito.ma/fr/zemmouri/appartements/Appartement_à_vendre__complexe_zemouri_54877713.htm,2024,2,60,100,Zemmouri,apartment,0,1,0,0,1,0,1,1,1,0
Casablanca,11,1,2,,56,https://www.avito.ma/fr/ain_sebaa/appartements/Appartement_56m²_à_vendre_55759145.htm,2024,1,56,,Ain Sebaa,apartment,0,1,0,0,0,0,1,0,1,0
Casablanca,11,2,2,550000,63,https://www.avito.ma/fr/sidi_moumen/appartements/appartement_à_vendre__55775457.htm,2024,1,63,,Sidi Moumen,apartment,0,0,0,0,0,0,0,0,1,0
Mohammedia,11,2,2,,37,https://www.avito.ma/fr/partie_est/appartements/appartements_haut_standing__51116115.htm,2024,1,37,,Partie Est,apartment,1,1,0,1,1,1,0,1,1,1
Casablanca,11,,3,,82,https://www.avito.ma/fr/la_gironde/appartements/Appartement_82m2_a_150m2_a_la_Girande__55751931.htm,2024,1,82,,La Gironde,apartment,0,0,0,0,0,0,0,0,0,0
Marrakech,11,2,2,1100000,,https://www.avito.ma/fr/guéliz/appartements/Appartement_à_vendre_85_m²_à_Marrakech_55592187.htm,2024,3,85,250,Guéliz,apartment,1,1,0,0,1,1,0,1,1,1
Marrakech,11,2,3,2500000,,https://www.avito.ma/fr/guéliz/appartements/Appartement_à_vendre_110_m²_à_Marrakech_55713589.htm,2024,1,110,,Guéliz,apartment,1,0,0,0,1,1,0,1,1,1
Casablanca,11,2,3,,,https://www.avito.ma/fr/sidi_bernoussi/appartements/Appartements_à_vendre__à_Casablanca_55174614.htm,2024,6,105,,Sidi Bernoussi,apartment,1,1,0,0,0,0,0,0,0,0
Casablanca,11,2,2,1100000,98,https://www.avito.ma/fr/belvédère/appartements/CMN_AS_1635___Appartement_à_vendre_à_Belvédère_55561169.htm,2024,1,98,,Belvédère,apartment,1,0,0,0,0,0,0,0,0,0
Tanger,11,1,2,5000,60,https://www.avito.ma/fr/moujahidine/appartements/2ch_1_salle_de_bain_longue_durée_à_côté__55775470.htm,2024,2,60,,Moujahidine,apartment,1,1,0,0,0,0,1,1,1,0
Rabat,11,2,3,2140000,112,https://www.avito.ma/fr/autre_secteur/appartements/Appartement_à_vendre_114_m²_à_Harhoura_Rabat_53710560.htm,2024,0,114,,Autre secteur,apartment,1,1,1,1,1,1,0,1,1,1
Marrakech,11,1,2,,86,https://www.avito.ma/fr/hay_izdihar/appartements/Appartement_à_vendre_86_m²_à_Marrakech_55176769.htm,2024,3,86,,Hay Izdihar,apartment,1,1,1,1,1,1,0,1,1,0
